<?xml version="1.0" encoding="UTF-8"?>
<project-private xmlns="http://www.netbeans.org/ns/project-private/1">
    <editor-bookmarks xmlns="http://www.netbeans.org/ns/editor-bookmarks/2" lastBookmarkId="0"/>
    <open-files xmlns="http://www.netbeans.org/ns/projectui-open-files/2">
        <group>
            <file>file:/C:/Users/dedie/Documents/IPC/entrega1daniegamardedi/src/uva/ipc/entrega1/main/main.java</file>
            <file>file:/C:/Users/dedie/Documents/IPC/entrega1daniegamardedi/src/uva/ipc/entrega1/vista/Controlador.java</file>
            <file>file:/C:/Users/dedie/Documents/IPC/entrega1daniegamardedi/src/uva/ipc/entrega1/modelo/ModeloEntrega1.java</file>
            <file>file:/C:/Users/dedie/Documents/IPC/entrega1daniegamardedi/src/uva/ipc/entrega1/vista/Vista.java</file>
            <file>file:/C:/Users/dedie/Documents/IPC/entrega1daniegamardedi/src/uva/ipc/entrega1/modelo/Ruta1.java</file>
        </group>
    </open-files>
</project-private>
