<?xml version="1.0" encoding="UTF-8"?>
<project-private xmlns="http://www.netbeans.org/ns/project-private/1">
    <editor-bookmarks xmlns="http://www.netbeans.org/ns/editor-bookmarks/2" lastBookmarkId="0"/>
    <open-files xmlns="http://www.netbeans.org/ns/projectui-open-files/2">
        <group>
            <file>file:/C:/Users/dedie/Documents/IPC/entrega2daniegamardedi/entrega2daniegamardedi/src/uva/ipc/entrega2/modelo/Billete.java</file>
            <file>file:/C:/Users/dedie/Documents/IPC/entrega2daniegamardedi/entrega2daniegamardedi/src/uva/ipc/entrega2/vista/VistaMisViajes.java</file>
            <file>file:/C:/Users/dedie/Documents/IPC/entrega2daniegamardedi/entrega2daniegamardedi/src/uva/ipc/entrega2/vista/ControladorMisViajes.java</file>
            <file>file:/C:/Users/dedie/Documents/IPC/entrega2daniegamardedi/entrega2daniegamardedi/src/uva/ipc/entrega2/vista/Vista.java</file>
            <file>file:/C:/Users/dedie/Documents/IPC/entrega2daniegamardedi/entrega2daniegamardedi/src/uva/ipc/entrega2/vista/Controlador.java</file>
        </group>
    </open-files>
</project-private>
